INSERT INTO `user` (`id`, `email`, `firstname`, `lastname`, `password`, `type`) VALUES (1, 'admin@creditauven.ce', 'Administateur', 'Administateur', 'a12892155820f9b5c0ffa697e56968808ffa7cd4', 2), (2, 'john@creditauven.ce', 'John', 'Doe', '59a1ada49a271457496d0386074078013a731467', 1), (3, 'jane@creditauven.ce', 'Jane', 'Doe', '9c75f49100150e3384c92c15e4c1d0b13a69ebca', 1), (4, 'sebastien.foray@ynov.com', 'Sébastien', 'Foray', '41bda204a2668ac6893ecaa282af9872b0522a55', 0), (5, 'jean.burellier@ynov.com', 'Jean', 'Burellier', '325a43b3f2d4581ac190514d35e8a05b8b9856d0', 0), (6, 'cyril.babeau@ynov.com', 'Cyril', 'Babeau', 'c8017bca3528eb3be615bb5f08fd50224e64ae5e', 0), (7, 'mr.tro@lolo.co', 'Mr', 'Trololo', '56cd91c142053470263cd0732187a5292f124f44', 0);
INSERT INTO `account` (`id`, `balance`, `creationDate`, `interest`, `label`) VALUES (1, 0, '2017-03-09 10:47:06', 0, 'Compte Courant'), (2, 0, '2017-03-09 10:47:06', 0.9, 'Livret A'), (3, 0, '2017-03-09 10:48:23', 0, 'Compte Courant'), (4, 0, '2017-03-09 10:48:23', 0.9, 'Livret A'), (5, 0, '2017-03-09 10:48:47', 0, 'Compte Courant'), (6, 0, '2017-03-09 10:48:47', 0.9, 'Livret A'), (7, 0, '2017-03-09 10:49:12', 0, 'Compte Courant'), (8, 0, '2017-03-09 10:49:12', 0.9, 'Livret A');
INSERT INTO `advisor` (`id`, `user_fk`) VALUES (1, 2), (2, 3);
INSERT INTO `customer` (`id`, `shares`, `advisor_fk`, `checkingAccount_fk`, `savingAccount_fk`, `user_fk`) VALUES (1, 0, 1, 1, 2, 4), (2, 0, 2, 3, 4, 5), (3, 0, 1, 5, 6, 6), (4, 0, 1, 7, 8, 7);
